model,auroc,detection_error,aupr_in,aupr_out,threshold
Baseline,0.7256370003622752,0.2454212454212454,0.6510809363951957,0.8064232884823044,0.523456
Deep Ensemble,0.7282936843376404,0.2582417582417582,0.675924017911273,0.8259941174876226,0.398339
TC,0.8503401360544217,0.2380952380952381,0.6919499961557083,0.9466889011081135,0.29191
